PA_ID,PA_ID2,1990_imagery,2000_imagery,2010_imagery,Validated_segments
555548872,555548872,1990,2000,2010,
555548871,555548871,1990,2000,2010,
555548870,555548870,1990,2000,2010,
555548000,555548000,1990,2000,2010,
555547998,555547998,1990,2000,2010,
555547996,555547996,1990,2000,2010,
555547995,555547995,1990,2000,2010,
555547994,555547994,1990,2000,2010,
555547993,555547993,1990,2000,2010,
555547526,555547526,1990,2000,2010,
555547525,555547525,1990,2000,2010,
555547524,555547524,1990,2000,2010,
555543023,555543023,1990,2000,2010,
555542498,555542498,1990,2000,2010,
555542497,555542497,1990,2000,2010,
555512073,555512073,1990,2000,2010,
555512072,555512072,1990,2000,2010,
555512069,555512069,1990,2000,2010,
555512068,555512068,1990,2000,2010,
555512064,555512064,1990,2000,2010,
478293,478293,1990,2000,2010,
478292,478292,1990,2000,2010,
365024,365024,1990,2000,2010,
365023,365023,1990,2000,2010,
354046,354046,1990,2000,2010,
354045,354045,1990,2000,2010,
354044,354044,1990,2000,2010,
354004,354004,1990,2000,2010,
351706,351706,1990,2000,2010,
351705,351705,1990,2000,2010,
351704,351704,1990,2000,2010,
351088,351088,1990,2000,2010,
350036,350036,1990,2000,2010,
350021,350021,1990,2000,2010,
350015,350015,1990,2000,2010,
350009,350009,1990,2000,2010,
350008,350008,1990,2000,2010,
350003,350003,1990,2000,2010,
342681,342681,1990,2000,2010,
342675,342675,1990,2000,2010,
342673,342673,1990,2000,2010,
342670,342670,1990,2000,2010,
342656,342656,1990,2000,2010,
317281,317281,1990,2000,2010,
317195,317195,1990,2000,,
317193,317193,1990,2000,2010,
317125,317125,1990,2000,2010,
317052,317052,1990,2000,2010,
315492,315492,1990,2000,2010,
315491,315491,1990,2000,2010,
315490,315490,1990,2000,2010,
315489,315489,1990,2000,2010,
315488,315488,1990,2000,2010,
315487,315487,1990,2000,2010,
315486,315486,1990,2000,2010,
315485,315485,1990,2000,2010,
315484,315484,1990,2000,2010,
315483,315483,1990,2000,2010,
315482,315482,1990,2000,2010,
315481,315481,1990,2000,2010,
315480,315480,1990,2000,2010,
315479,315479,1990,2000,2010,
315477,315477,1990,2000,2010,
313494,313494,1990,2000,2010,
313473,313473,1990,2000,2010,
313401,313401,1990,2000,2010,
313366,313366,1990,2000,2010,
313362,313362,1990,2000,2010,
313361,313361,1990,2000,2010,
313360,313360,1990,2000,2010,
313359,313359,1990,2000,2010,
313354,313354,1990,2000,2010,
313110,313110,1990,2000,2010,
313109,313109,1990,2000,2010,
313046,313046,1990,2000,,
308690,308690,1990,2000,2010,
308688,308688,1990,2000,2010,
308687,308687,1990,2000,2010,
308685,308685,1990,2000,2010,
308637,308637,1990,2000,2010,
308636,308636,1990,2000,2010,
308634,308634,1990,2000,2010,
308624,308624,1990,2000,2010,
306235,306235,1990,2000,2010,
306181,306181,1990,2000,2010,
306180,306180,1990,2000,2010,
306179,306179,1990,2000,2010,
306178,306178,1990,2000,2010,
303879,303879,1990,2000,,
303878,303878,1990,2000,2010,
303877,303877,1990,2000,2010,
303875,303875,1990,2000,2010,
303873,303873,1990,2000,2010,
303872,303872,1990,2000,2010,
303702,303702,1990,2000,2010,
303701,303701,1990,2000,2010,
303699,303699,1990,2000,2010,
303697,303697,1990,2000,2010,
303696,303696,1990,2000,2010,
303695,303695,1990,2000,2010,
303692,303692,1990,2000,2010,
303691,303691,1990,2000,2010,
303560,303560,1990,2000,2010,
303531,303531,1990,2000,2010,
303509,303509,1990,2000,2010,
303502,303502,1990,2000,2010,
303476,303476,1990,2000,2010,
303471,303471,1990,2000,2010,
303443,303443,1990,2000,2010,
303433,303433,1990,2000,2010,
303378,303378,1990,2000,2010,
303367,303367,1990,2000,2010,
303351,303351,1990,2000,2010,
303334,303334,1990,2000,2010,
303333,303333,1990,2000,2010,
303332,303332,1990,2000,2010,
303330,303330,1990,2000,2010,
303328,303328,1990,2000,2010,
301881,301881,1990,2000,2010,
301850,301850,1990,2000,2010,
301641,301641,1990,2000,2010,
301640,301640,1990,2000,2010,
301639,301639,1990,2000,2010,
301638,301638,1990,2000,2010,
301613,301613,1990,2000,2010,
301612,301612,1990,2000,2010,
301601,301601,1990,2000,2010,
301588,301588,1990,2000,2010,
301585,301585,1990,2000,2010,
301578,301578,1990,2000,2010,
301577,301577,1990,2000,2010,
301567,301567,1990,2000,2010,
301564,301564,1990,2000,2010,
301561,301561,1990,2000,2010,
301557,301557,1990,2000,2010,
301556,301556,1990,2000,2010,
301553,301553,1990,2000,2010,
301528,301528,1990,2000,2010,
301512,301512,1990,2000,2010,
301491,301491,1990,2000,2010,
301488,301488,1990,2000,2010,
301487,301487,1990,2000,2010,
301484,301484,1990,2000,2010,
301480,301480,1990,2000,2010,
301479,301479,1990,2000,2010,
301476,301476,1990,2000,2010,
301475,301475,1990,2000,2010,
301469,301469,1990,2000,2010,
301465,301465,1990,2000,2010,
301453,301453,1990,2000,2010,
301450,301450,1990,2000,2010,
301444,301444,1990,2000,2010,
301442,301442,1990,2000,2010,
301432,301432,1990,2000,2010,
301431,301431,1990,2000,2010,
301415,301415,1990,2000,2010,
300602,300602,1990,2000,2010,
300601,300601,1990,2000,2010,
300597,300597,1990,2000,2010,
300586,300586,1990,2000,2010,
300581,300581,1990,2000,2010,
300575,300575,1990,2000,2010,
300572,300572,1990,2000,2010,
300571,300571,1990,2000,2010,
300561,300561,1990,2000,2010,
300559,300559,1990,2000,2010,
300555,300555,1990,2000,2010,
300552,300552,1990,2000,2010,
300549,300549,1990,2000,2010,
300548,300548,1990,2000,2010,
300546,300546,1990,2000,2010,
300543,300543,1990,2000,2010,
300456,300456,1990,2000,2010,
300452,300452,1990,2000,2010,
300451,300451,1990,2000,2010,
300450,300450,1990,2000,2010,
300449,300449,1990,2000,2010,
300448,300448,1990,2000,2010,
300447,300447,1990,2000,2010,
300445,300445,1990,2000,2010,
300443,300443,1990,2000,2010,
300442,300442,1990,2000,2010,
300440,300440,1990,2000,2010,
300439,300439,1990,2000,2010,
300436,300436,1990,2000,2010,
300432,300432,1990,2000,2010,
300430,300430,1990,2000,2010,
300429,300429,1990,2000,2010,
300428,300428,1990,2000,2010,
300426,300426,1990,2000,2010,
300425,300425,1990,2000,2010,
300424,300424,1990,2000,2010,
300423,300423,1990,2000,2010,
300422,300422,1990,2000,2010,
300420,300420,1990,2000,2010,
300419,300419,1990,2000,2010,
300410,300410,1990,2000,2010,
300408,300408,1990,2000,2010,
300404,300404,1990,2000,2010,
300401,300401,1990,2000,2010,
300400,300400,1990,2000,2010,
300396,300396,1990,2000,2010,
300393,300393,1990,2000,2010,
300390,300390,1990,2000,2010,
300388,300388,1990,2000,2010,
300387,300387,1990,2000,2010,
300377,300377,1990,2000,2010,
300376,300376,1990,2000,2010,
300373,300373,1990,2000,2010,
300367,300367,1990,2000,2010,
300354,300354,1990,2000,2010,
300353,300353,1990,2000,2010,
300352,300352,1990,2000,2010,
300350,300350,1990,2000,2010,
300345,300345,1990,2000,2010,
166889,166889,1990,2000,2010,
145122,145122,1990,2000,2010,
127827,127827,1990,2000,2010,
124355,124355,1990,2000,,
116404,116404,1990,2000,2010,
116401,116401,1990,2000,2010,
116375,116375,1990,2000,2010,
116369,116369,1990,2000,2010,
116363,116363,1990,2000,2010,
116359,116359,1990,2000,2010,
116358,116358,1990,2000,2010,
116356,116356,1990,2000,2010,
116355,116355,1990,2000,2010,
116337,116337,1990,2000,2010,
116333,116333,1990,2000,2010,
116330,116330,1990,2000,2010,
116329,116329,1990,2000,2010,
116325,116325,1990,2000,2010,
116287,116287,1990,2000,2010,
116283,116283,1990,2000,2010,
116275,116275,1990,2000,2010,
116267,116267,1990,2000,2010,
116261,116261,1990,2000,2010,
116257,116257,1990,2000,2010,
116251,116251,1990,2000,2010,
116189,116189,1990,2000,2010,
101434,101434,1990,2000,2010,
101433,101433,1990,2000,2010,
101232,101232,1990,2000,,
72397,72397,1990,2000,2010,
72350,72350,1990,2000,2010,
72332,72332,1990,2000,2010,
72324,72324,1990,2000,2010,
72320,72320,1990,2000,2010,
68788,68788,1990,2000,2010,
62473,62473,1990,2000,2010,
62407,62407,1990,2000,2010,
62402,62402,1990,2000,2010,
62389,62389,1990,2000,2010,
62385,62385,1990,2000,2010,
62382,62382,1990,2000,2010,
62368,62368,1990,2000,2010,
62365,62365,1990,2000,2010,
62326,62326,1990,2000,2010,
62304,62304,1990,2000,2010,
62300,62300,1990,2000,2010,
62230,62230,1990,,,
62219,62219,1990,2000,2010,
62183,62183,1990,2000,2010,
62173,62173,1990,2000,2010,
62091,62091,1990,2000,2010,
62088,62088,1990,2000,2010,
62087,62087,1990,2000,2010,
61707,61707,1990,2000,2010,
40042,40042,1990,2000,2010,
40002,40002,1990,2000,2010,
39901,39901,1990,2000,2010,
39900,39900,1990,2000,2010,
39899,39899,1990,2000,2010,
39898,39898,1990,2000,2010,
39897,39897,1990,2000,2010,
39896,39896,1990,2000,2010,
39895,39895,1990,2000,2010,
39894,39894,1990,2000,2010,
39893,39893,1990,2000,2010,
39892,39892,1990,2000,2010,
39891,39891,1990,2000,2010,
39890,39890,1990,2000,2010,
39889,39889,1990,2000,2010,
39888,39888,1990,2000,2010,
39872,39872,1990,2000,,
39832,39832,1990,2000,2010,
39829,39829,1990,2000,2010,
39764,39764,1990,2000,2010,
39758,39758,1990,2000,2010,
39755,39755,1990,2000,2010,
39753,39753,1990,2000,2010,
39746,39746,1990,2000,2010,
39745,39745,1990,2000,2010,
39740,39740,1990,2000,2010,
39739,39739,1990,2000,2010,
37174,37174,1990,2000,2010,
37043,37043,1990,2000,2010,
36979,36979,1990,2000,2010,
36534,36534,1990,2000,2010,
36455,36455,1990,2000,2010,
36026,36026,1990,2000,2010,
33140,33140,1990,2000,2010,
33139,33139,1990,2000,2010,
33113,33113,1990,2000,2010,
33108,33108,1990,2000,2010,
33094,33094,1990,2000,2010,
33091,33091,1990,2000,2010,
33088,33088,1990,2000,2010,
33084,33084,1990,2000,2010,
33075,33075,1990,2000,2010,
33073,33073,1990,2000,2010,
33068,33068,1990,2000,2010,
33050,33050,1990,2000,2010,
33047,33047,1990,2000,2010,
32961,32961,1990,2000,2010,
32920,32920,1990,2000,2010,
32919,32919,1990,2000,2010,
32911,32911,1990,2000,2010,
32883,32883,1990,2000,2010,
32881,32881,1990,2000,2010,
32879,32879,1990,2000,2010,
32878,32878,1990,2000,2010,
32855,32855,1990,2000,2010,
32847,32847,1990,2000,2010,
32845,32845,1990,2000,2010,
32841,32841,1990,2000,2010,
32840,32840,1990,2000,2010,
32839,32839,1990,2000,2010,
32835,32835,1990,2000,2010,
32834,32834,1990,2000,2010,
32833,32833,1990,2000,2010,
32830,32830,1990,2000,2010,
32829,32829,1990,2000,2010,
32828,32828,1990,2000,2010,
32825,32825,1990,2000,2010,
32817,32817,1990,2000,2010,
32816,32816,1990,2000,2010,
32810,32810,1990,2000,2010,
32471,32471,1990,2000,2010,
32469,32469,1990,2000,2010,
32468,32468,1990,2000,2010,
32467,32467,1990,2000,2010,
32466,32466,1990,2000,2010,
32465,32465,1990,2000,2010,
32464,32464,1990,2000,2010,
32463,32463,1990,2000,2010,
32462,32462,1990,2000,2010,
32461,32461,1990,2000,2010,
32460,32460,1990,2000,2010,
32459,32459,1990,2000,2010,
32458,32458,1990,2000,2010,
32455,32455,1990,2000,2010,
31594,31594,1990,2000,2010,
31458,31458,1990,2000,2010,
31073,31073,1990,2000,2010,
30851,30851,1990,2000,2010,
30675,30675,1990,2000,2010,
30674,30674,1990,2000,2010,
30123,30123,1990,2000,2010,
30052,30052,1990,2000,2010,
30051,30051,1990,2000,2010,
30049,30049,1990,2000,2010,
29969,29969,1990,2000,2010,
29801,29801,1990,2000,2010,
29421,29421,1990,2000,2010,
29069,29069,1990,2000,2010,
29067,29067,1990,2000,2010,
28848,28848,1990,2000,2010,
28846,28846,1990,2000,2010,
28844,28844,1990,2000,2010,
28581,28581,1990,2000,2010,
28464,28464,1990,2000,2010,
28175,28175,1990,2000,2010,
26982,26982,1990,2000,2010,
26627,26627,1990,2000,2010,
26625,26625,1990,2000,2010,
26462,26462,1990,2000,2010,
26460,26460,1990,2000,2010,
26072,26072,1990,2000,2010,
26071,26071,1990,2000,2010,
26070,26070,1990,2000,2010,
26044,26044,1990,2000,2010,
26043,26043,1990,2000,2010,
26042,26042,1990,2000,2010,
26040,26040,1990,2000,2010,
26036,26036,1990,2000,2010,
26035,26035,1990,2000,2010,
26031,26031,1990,2000,2010,
26030,26030,1990,2000,2010,
26029,26029,1990,2000,2010,
23310,23310,1990,2000,2010,
23072,23072,1990,2000,2010,
21417,21417,1990,2000,2010,
21416,21416,1990,2000,2010,
21161,21161,1990,2000,2010,
21160,21160,1990,2000,2010,
21158,21158,1990,2000,2010,
21156,21156,1990,2000,2010,
21154,21154,1990,2000,2010,
21151,21151,1990,2000,2010,
21149,21149,1990,2000,2010,
20978,20978,1990,2000,2010,
20977,20977,1990,2000,2010,
20976,20976,1990,2000,2010,
20975,20975,1990,2000,2010,
20341,20341,1990,2000,2010,
20306,20306,1990,2000,2010,
20302,20302,1990,2000,2010,
20301,20301,1990,2000,2010,
20299,20299,1990,2000,2010,
20295,20295,1990,2000,2010,
20294,20294,1990,2000,2010,
20287,20287,1990,2000,2010,
20273,20273,1990,2000,2010,
20268,20268,1990,2000,2010,
20267,20267,1990,2000,2010,
20264,20264,1990,2000,2010,
20177,20177,1990,2000,2010,
20175,20175,1990,2000,2010,
20174,20174,1990,2000,2010,
20166,20166,1990,2000,2010,
20125,20125,1990,2000,2010,
20112,20112,1990,2000,2010,
20058,20058,1990,2000,2010,
19726,19726,1990,2000,2010,validated
19564,19564,1990,2000,2010,
19563,19563,1990,2000,2010,
19562,19562,1990,2000,2010,
19297,19297,1990,2000,2010,
18751,18751,1990,2000,2010,
18439,18439,1990,2000,2010,
18438,18438,1990,2000,2010,
18437,18437,1990,2000,2010,
18002,18002,1990,2000,2010,
18001,18001,1990,2000,2010,
17999,17999,1990,2000,2010,
17991,17991,1990,2000,2010,
17990,17990,1990,2000,2010,
17989,17989,1990,2000,2010,
17769,17769,1990,2000,2010,
17742,17742,1990,2000,2010,
17368,17368,1990,2000,2010,
17367,17367,1990,2000,2010,
15089,15089,1990,2000,2010,
14013,14013,1990,2000,2010,
13704,13704,1990,2000,2010,
13307,13307,1990,2000,2010,
12855,12855,1990,2000,2010,
12344,12344,1990,2000,2010,
12263,12263,1990,2000,2010,
12201,12201,1990,2000,2010,
11697,11697,1990,2000,2010,
11653,11653,1990,2000,2010,
11652,11652,1990,2000,2010,
11613,11613,1990,2000,2010,
11605,11605,1990,2000,2010,
11604,11604,1990,2000,2010,
11597,11597,1990,2000,2010,
11596,11596,1990,2000,2010,
11594,11594,1990,2000,2010,
10751,10751,1990,2000,2010,
10741,10741,1990,2000,2010,
10740,10740,1990,2000,2010,
10739,10739,1990,2000,2010,
10732,10732,1990,2000,2010,
10634,10634,1990,2000,2010,
9310,9310,1990,2000,2010,
9265,9265,1990,2000,2010,
9264,9264,1990,2000,2010,
9262,9262,1990,2000,2010,
9176,9176,1990,2000,2010,
9171,9171,1990,2000,2010,
9170,9170,1990,2000,2010,
9168,9168,1990,2000,2010,
9167,9167,1990,2000,2010,
9166,9166,1990,2000,2010,
9165,9165,1990,2000,2010,
9164,9164,1990,2000,2010,
9163,9163,1990,2000,2010,
9162,9162,1990,2000,2010,
9161,9161,1990,2000,2010,
9160,9160,1990,2000,2010,
9148,9148,1990,2000,2010,
9141,9141,,2000,,
9136,9136,1990,2000,2010,
9134,9134,1990,2000,2010,
9131,9131,1990,2000,2010,
9130,9130,1990,2000,2010,
9129,9129,1990,2000,2010,
9128,9128,1990,2000,2010,
9125,9125,1990,2000,2010,
9115,9115,1990,2000,2010,
9112,9112,1990,2000,2010,
9110,9110,1990,2000,2010,
9109,9109,1990,2000,2010,
9107,9107,1990,2000,2010,
9106,9106,1990,2000,2010,
9104,9104,1990,2000,2010,
9103,9103,1990,2000,2010,
9102,9102,1990,2000,2010,
9101,9101,1990,2000,2010,
9093,9093,1990,2000,2010,
9089,9089,1990,2000,2010,
9084,9084,1990,2000,2010,
9083,9083,1990,2000,2010,
9081,9081,1990,2000,2010,
9076,9076,1990,2000,2010,
9075,9075,1990,2000,2010,
9072,9072,1990,2000,2010,
9070,9070,1990,2000,2010,
9061,9061,1990,2000,2010,
9048,9048,1990,2000,2010,
9043,9043,1990,2000,2010,
9035,9035,1990,2000,2010,
9034,9034,1990,2000,2010,
9033,9033,1990,2000,2010,
9024,9024,1990,2000,2010,
8785,8785,1990,2000,2010,
7962,7962,1990,2000,2010,
7961,7961,1990,2000,2010,
7944,7944,1990,2000,2010,
7939,7939,1990,2000,2010,
7896,7896,1990,2000,2010,
7888,7888,1990,2000,2010,
7887,7887,1990,2000,2010,
7886,7886,1990,2000,2010,
7885,7885,1990,2000,2010,
7884,7884,1990,2000,2010,
7883,7883,1990,2000,2010,
7875,7875,1990,2000,2010,
7874,7874,1990,2000,2010,
7873,7873,1990,2000,2010,
7872,7872,1990,2000,2010,
7863,7863,1990,2000,2010,
7861,7861,1990,2000,2010,
7860,7860,1990,2000,2010,
7855,7855,1990,2000,2010,
7844,7844,1990,2000,2010,
7843,7843,1990,2000,2010,
7840,7840,1990,2000,2010,
7523,7523,1990,2000,2010,
7522,7522,1990,2000,2010,
7521,7521,1990,2000,2010,validated
7520,7520,1990,2000,2010,
7519,7519,1990,2000,2010,
7510,7510,1990,2000,2010,
7508,7508,1990,2000,2010,
7507,7507,1990,2000,2010,
7506,7506,1990,2000,2010,
7505,7505,1990,2000,2010,
7502,7502,1990,2000,2010,
7451,7451,1990,2000,2010,
7449,7449,1990,2000,2010,
7447,7447,1990,2000,2010,
7445,7445,1990,2000,2010,
7438,7438,1990,2000,2010,
7437,7437,1990,2000,2010,
7434,7434,1990,2000,2010,
7432,7432,1990,2000,2010,
7420,7420,1990,2000,2010,
7417,7417,1990,2000,2010,
7414,7414,1990,2000,2010,
7409,7409,1990,2000,2010,
7405,7405,1990,2000,2010,
7403,7403,1990,2000,2010,
7401,7401,1990,2000,2010,
7400,7400,1990,2000,2010,
7398,7398,1990,2000,2010,
7397,7397,1990,2000,2010,
7396,7396,1990,2000,2010,
7395,7395,1990,2000,2010,
7393,7393,1990,2000,2010,
7392,7392,1990,2000,2010,
7391,7391,1990,2000,,
7387,7387,1990,2000,2010,
7385,7385,1990,2000,2010,
7384,7384,1990,2000,2010,
7383,7383,1990,2000,2010,
7381,7381,1990,2000,2010,
7378,7378,1990,2000,2010,
7368,7368,1990,2000,2010,
7367,7367,1990,2000,2010,
6941,6941,1990,2000,,
6939,6939,1990,2000,,
6937,6937,1990,2000,,
6936,6936,1990,,,
6934,6934,1990,2000,,
6932,6932,1990,2000,2010,
5178,5178,1990,2000,2010,
5173,5173,1990,2000,2010,
5168,5168,1990,2000,2010,
5166,5166,1990,2000,2010,
5165,5165,1990,2000,2010,
5164,5164,1990,2000,2010,
5155,5155,1990,2000,2010,
5154,5154,1990,2000,2010,
5090,5090,1990,2000,2010,
5081,5081,1990,2000,2010,
5049,5049,1990,2000,,
5048,5048,1990,2000,,
5045,5045,1990,2000,,
5044,5044,1990,2000,,
5043,5043,1990,2000,,
5042,5042,1990,2000,,
5041,5041,1990,2000,2010,
5040,5040,1990,2000,2010,
5039,5039,1990,2000,2010,
5038,5038,1990,2000,2010,
5037,5037,1990,2000,2010,
5036,5036,1990,2000,2010,
5035,5035,1990,2000,2010,
5034,5034,1990,,2010,
5033,5033,1990,2000,2010,
5032,5032,1990,2000,2010,
5031,5031,1990,,2010,
5030,5030,1990,2000,2010,
5029,5029,1990,2000,2010,
5028,5028,1990,2000,2010,
5027,5027,1990,2000,2010,
5026,5026,1990,2000,2010,
5025,5025,1990,2000,2010,
5024,5024,1990,2000,2010,
5023,5023,1990,2000,2010,
5022,5022,1990,2000,2010,
5021,5021,1990,2000,2010,
4944,4944,1990,2000,2010,
4943,4943,1990,2000,2010,
4942,4942,1990,2000,2010,
4940,4940,1990,2000,2010,
4938,4938,1990,2000,2010,
4936,4936,1990,2000,2010,
4934,4934,1990,2000,2010,
4767,4767,1990,2000,2010,
4766,4766,1990,2000,2010,
4765,4765,1990,2000,2010,
4764,4764,1990,2000,2010,
4759,4759,1990,2000,2010,
4653,4653,1990,2000,2010,
4652,4652,1990,2000,2010,
4651,4651,1990,2000,2010,
4650,4650,1990,2000,2010,
4649,4649,1990,2000,2010,
4648,4648,1990,2000,2010,
4494,4494,1990,2000,2010,
4493,4493,1990,2000,2010,
4491,4491,1990,2000,2010,
4489,4489,1990,2000,2010,
4488,4488,1990,2000,2010,
4121,4121,1990,2000,2010,
4115,4115,1990,2000,2010,
4114,4114,1990,2000,2010,
4035,4035,1990,2000,2010,
4034,4034,1990,2000,2010,
4033,4033,1990,2000,2010,
4031,4031,1990,2000,2010,
4029,4029,1990,2000,2010,
4028,4028,1990,2000,2010,
4027,4027,1990,2000,2010,
4026,4026,1990,2000,2010,
3230,3230,1990,2000,2010,
3229,3229,1990,2000,2010,
3228,3228,1990,2000,2010,
3226,3226,1990,2000,2010,
3225,3225,1990,2000,2010,
3217,3217,1990,2000,,
3214,3214,1990,2000,2010,
3213,3213,1990,2000,2010,
3066,3066,1990,2000,2010,
3061,3061,1990,2000,2010,
2599,2599,1990,2000,2010,
2598,2598,1990,2000,2010,
2597,2597,1990,2000,2010,
2596,2596,1990,2000,2010,
2590,2590,1990,2000,2010,
2555,2555,1990,2000,2010,
2532,2532,1990,2000,2010,
2531,2531,1990,2000,2010,
2530,2530,1990,2000,2010,
2427,2427,1990,2000,2010,
2419,2419,1990,2000,2010,
2416,2416,1990,2000,2010,
2347,2347,1990,2000,2010,
2344,2344,1990,2000,2010,
2342,2342,1990,2000,2010,
2341,2341,1990,2000,2010,
2340,2340,1990,2000,2010,
2339,2339,1990,2000,2010,
2337,2337,1990,2000,2010,
2336,2336,1990,2000,2010,
2333,2333,1990,2000,2010,
2332,2332,1990,2000,2010,
2331,2331,1990,2000,2010,
2329,2329,1990,2000,2010,
2328,2328,1990,2000,2010,
2327,2327,1990,2000,2010,
2325,2325,1990,2000,2010,
2324,2324,1990,2000,2010,
2322,2322,1990,2000,2010,
2321,2321,1990,2000,2010,
2320,2320,1990,2000,2010,
2319,2319,1990,2000,2010,
2318,2318,1990,2000,2010,
2317,2317,1990,2000,2010,
2316,2316,1990,2000,2010,
2315,2315,1990,2000,2010,
2314,2314,1990,2000,2010,
2312,2312,1990,2000,2010,
2311,2311,1990,2000,2010,
2310,2310,1990,2000,2010,
2308,2308,1990,2000,2010,
2307,2307,1990,2000,2010,
2306,2306,1990,2000,2010,
2305,2305,1990,2000,2010,
2304,2304,1990,2000,2010,
2303,2303,1990,2000,2010,
2302,2302,1990,2000,2010,
2300,2300,1990,2000,2010,
2299,2299,1990,2000,2010,
2298,2298,1990,2000,2010,
2296,2296,1990,2000,2010,
2295,2295,1990,2000,2010,
2293,2293,1990,2000,2010,
2291,2291,1990,2000,2010,
2290,2290,1990,2000,2010,
2289,2289,1990,2000,2010,
2288,2288,1990,2000,2010,
2281,2281,1990,2000,2010,
2280,2280,1990,2000,2010,
2279,2279,1990,2000,2010,validated
2278,2278,1990,2000,2010,
2277,2277,1990,2000,2010,
2276,2276,1990,2000,2010,
2270,2270,1990,2000,2010,
2266,2266,1990,2000,2010,
2265,2265,1990,2000,2010,
2264,2264,1990,2000,2010,
2262,2262,1990,2000,2010,
2261,2261,1990,2000,2010,
2260,2260,1990,2000,2010,
2259,2259,1990,2000,2010,
2258,2258,1990,2000,2010,
2257,2257,1990,2000,2010,
2256,2256,1990,2000,2010,
2251,2251,1990,2000,2010,
2249,2249,1990,2000,2010,
1993,1993,1990,2000,2010,
1991,1991,1990,2000,2010,
1628,1628,1990,2000,2010,
1543,1543,1990,2000,2010,
1480,1480,1990,2000,2010,
1479,1479,1990,2000,2010,
1446,1446,1990,2000,2010,
1445,1445,1990,2000,2010,
1444,1444,1990,2000,2010,
1443,1443,1990,2000,2010,
1441,1441,1990,2000,2010,
1440,1440,1990,2000,2010,
1439,1439,1990,2000,2010,
1438,1438,1990,2000,2010,
1437,1437,1990,2000,2010,
1436,1436,1990,2000,2010,
1435,1435,1990,2000,2010,
1402,1402,1990,2000,2010,
1401,1401,1990,2000,2010,
1399,1399,1990,2000,2010,
1372,1372,1990,2000,2010,
1371,1371,1990,2000,2010,
1370,1370,1990,2000,2010,
1362,1362,1990,2000,2010,
1361,1361,1990,2000,2010,
1357,1357,1990,2000,2010,
1356,1356,1990,2000,2010,
1355,1355,1990,2000,2010,
1354,1354,1990,2000,2010,
1353,1353,1990,2000,2010,
1350,1350,1990,2000,2010,
1342,1342,,2000,2010,
1332,1332,1990,2000,2010,
1299,1299,1990,2000,2010,
1297,1297,1990,2000,2010,
1295,1295,1990,2000,2010,
1293,1293,1990,2000,2010,
1250,1250,1990,2000,2010,
1249,1249,1990,2000,2010,
1246,1246,1990,2000,2010,
1245,1245,1990,2000,2010,
1244,1244,1990,2000,2010,
1242,1242,1990,2000,2010,
1241,1241,1990,2000,2010,
1240,1240,1990,2000,2010,
1224,1224,1990,2000,2010,
1112,1112,1990,2000,2010,
1111,1111,1990,2000,2010,
1110,1110,1990,2000,2010,
1107,1107,1990,2000,2010,
1105,1105,1990,2000,2010,
1104,1104,1990,2000,2010,
1102,1102,1990,2000,2010,
1100,1100,1990,2000,2010,
1099,1099,1990,2000,2010,
1098,1098,1990,2000,2010,
1097,1097,1990,2000,2010,
1096,1096,1990,2000,2010,
1095,1095,1990,2000,2010,
1094,1094,1990,2000,2010,
1093,1093,1990,2000,2010,
1092,1092,1990,2000,2010,
1091,1091,1990,2000,2010,
1090,1090,1990,2000,2010,
1089,1089,1990,2000,2010,
1088,1088,1990,2000,2010,
1087,1087,1990,2000,2010,
1086,1086,1990,2000,2010,
1085,1085,1990,2000,2010,
1084,1084,1990,2000,2010,
1083,1083,1990,2000,2010,
1082,1082,1990,2000,2010,
1080,1080,1990,2000,2010,
1079,1079,1990,2000,2010,
1078,1078,1990,2000,2010,
1049,1049,1990,2000,2010,
1048,1048,1990,2000,2010,
958,958,1990,2000,2010,
957,957,1990,2000,2010,
956,956,1990,2000,2010,
926,926,1990,2000,2010,
925,925,1990,2000,2010,
924,924,1990,2000,2010,
923,923,1990,2000,2010,
922,922,1990,2000,2010,
921,921,1990,2000,2010,
920,920,1990,2000,2010,
919,919,1990,2000,2010,
917,917,1990,2000,2010,
916,916,1990,2000,2010,
904,904,1990,2000,2010,
903,903,1990,2000,2010,
887,887,1990,2000,2010,
885,885,1990,2000,2010,
884,884,1990,2000,2010,
883,883,1990,2000,2010,
882,882,1990,2000,2010,
881,881,1990,2000,2010,
879,879,1990,2000,2010,
878,878,1990,2000,2010,
877,877,1990,2000,2010,
876,876,1990,2000,2010,
875,875,1990,2000,2010,
874,874,1990,2000,2010,
873,873,1990,2000,2010,
872,872,,2000,2010,
870,870,1990,2000,2010,
869,869,1990,2000,2010,
868,868,1990,2000,2010,
867,867,1990,2000,2010,
866,866,1990,2000,2010,
865,865,1990,2000,2010,
863,863,1990,2000,2010,
862,862,1990,2000,2010,
819,819,1990,2000,2010,
818,818,1990,2000,2010,
802,802,1990,2000,2010,
801,801,1990,2000,2010,
800,800,1990,2000,2010,
799,799,1990,2000,2010,
797,797,1990,2000,2010,
780,780,1990,2000,2010,
779,779,1990,2000,2010,
765,765,1990,2000,2010,
764,764,1990,2000,2010,validated
763,763,1990,2000,2010,
762,762,1990,2000,2010,validated
761,761,1990,2000,2010,
760,760,1990,2000,2010,validated
759,759,1990,2000,2010,
758,758,1990,2000,2010,
757,757,1990,2000,2010,
756,756,1990,2000,2010,
755,755,1990,2000,2010,
754,754,1990,2000,2010,
753,753,1990,2000,2010,
752,752,1990,2000,2010,
725,725,1990,2000,2010,
724,724,1990,2000,2010,
723,723,1990,2000,2010,
722,722,1990,2000,2010,
721,721,1990,2000,2010,
672,672,1990,2000,2010,
671,671,1990,2000,2010,
670,670,1990,2000,2010,
669,669,1990,2000,2010,
653,653,1990,2000,2010,validated
652,652,1990,2000,2010,
643,643,1990,2000,2010,
642,642,1990,2000,2010,
641,641,1990,2000,2010,
639,639,1990,2000,2010,
610,610,1990,2000,2010,
609,609,1990,2000,2010,
608,608,1990,2000,2010,
607,607,1990,2000,2010,
606,606,1990,2000,2010,
601,601,1990,2000,2010,
600,600,1990,2000,2010,
597,597,1990,2000,2010,
351,351,1990,2000,2010,
350,350,1990,2000,2010,
349,349,1990,2000,2010,
348,348,1990,2000,2010,
347,347,1990,2000,2010,
